<?xml version="1.0"?>
<!DOCTYPE hibernate-mapping PUBLIC "-//Hibernate/Hibernate Mapping DTD 3.0//EN"
"http://hibernate.sourceforge.net/hibernate-mapping-3.0.dtd">
<!-- Generated 2017??12??1?? ????7:41:09 by Hibernate Tools 3.5.0.Final -->
<hibernate-mapping>
    <class name="model.Admin" table="ADMIN">
        <id name="name" type="java.lang.String">
            <column name="NAME" />
            <generator class="assigned" />
        </id>
        <property name="password" type="java.lang.String">
            <column name="PASSWORD" />
        </property>
        <property name="rank" type="int">
            <column name="RANK" />
        </property>
    </class>
</hibernate-mapping>
