<?xml version="1.0"?>
<!DOCTYPE hibernate-mapping PUBLIC "-//Hibernate/Hibernate Mapping DTD 3.0//EN"
"http://hibernate.sourceforge.net/hibernate-mapping-3.0.dtd">
<!-- Generated 2017??12??26?? ????11:43:32 by Hibernate Tools 3.5.0.Final -->
<hibernate-mapping>
    <class name="model.Goods" table="GOODS">
        <id name="gid" type="java.lang.String">
            <column name="GID" />
            <generator class="assigned" />
        </id>
        <property name="name" type="java.lang.String">
            <column name="NAME" />
        </property>
        <property name="price" type="float">
            <column name="PRICE" />
        </property>
        <property name="account" type="int">
            <column name="ACCOUNT" />
        </property>
        <property name="state" type="java.lang.String">
            <column name="STATE" />
        </property>
        <property name="goodsimg" type="java.lang.String">
            <column name="GOODSIMG" />
        </property>
    </class>
</hibernate-mapping>
