<?xml version="1.0"?>
<!DOCTYPE hibernate-mapping PUBLIC "-//Hibernate/Hibernate Mapping DTD 3.0//EN"
"http://hibernate.sourceforge.net/hibernate-mapping-3.0.dtd">
<!-- Generated 2017??12??26?? ????11:43:32 by Hibernate Tools 3.5.0.Final -->
<hibernate-mapping>
    <class name="model.OrderItem" table="ORDERITEM">
        <id name="oitemid" type="java.lang.String">
            <column name="OITEMID" />
            <generator class="assigned" />
        </id>
        <property name="number" type="int">
            <column name="NUMBER" />
        </property>
        <property name="money" type="float">
            <column name="MONEY" />
        </property>
        <property name="gname" type="java.lang.String">
            <column name="GNAME" />
        </property>
        <property name="gprice" type="float">
            <column name="GPRICE" />
        </property>
        <many-to-one name="goods" class="model.Goods" fetch="join">
            <column name="GOODS" />
        </many-to-one>
        <many-to-one name="uorder" class="model.UOrder" fetch="join">
            <column name="UORDER" />
        </many-to-one>
    </class>
</hibernate-mapping>
