<?xml version="1.0"?>
<!DOCTYPE hibernate-mapping PUBLIC "-//Hibernate/Hibernate Mapping DTD 3.0//EN"
"http://hibernate.sourceforge.net/hibernate-mapping-3.0.dtd">
<!-- Generated 2017??12??26?? ????11:43:32 by Hibernate Tools 3.5.0.Final -->
<hibernate-mapping>
    <class name="model.UOrder" table="UORDER">
        <id name="orderid" type="java.lang.String">
            <column name="ORDERID" />
            <generator class="assigned" />
        </id>
        <property name="tnumber" type="int">
            <column name="TNUMBER" />
        </property>
        <property name="tmoney" type="float">
            <column name="TMONEY" />
        </property>
        <property name="status" type="int">
            <column name="STATUS" />
        </property>
        <property name="address" type="java.lang.String">
            <column name="ADDRESS" />
        </property>
        <many-to-one name="user" class="model.User" fetch="join">
            <column name="USER" />
        </many-to-one>
        <list name="items" inverse="false" table="ORDERITEM" lazy="true">
            <key>
                <column name="ORDERID" />
            </key>
            <list-index></list-index>
            <one-to-many class="model.OrderItem" />
        </list>
    </class>
</hibernate-mapping>
