<?xml version="1.0"?>
<!DOCTYPE hibernate-mapping PUBLIC "-//Hibernate/Hibernate Mapping DTD 3.0//EN"
"http://hibernate.sourceforge.net/hibernate-mapping-3.0.dtd">
<!-- Generated 2017??12??26?? ????11:43:32 by Hibernate Tools 3.5.0.Final -->
<hibernate-mapping>
    <class name="model.User" table="CUSTOMER">
        <id name="id" type="java.lang.String">
            <column name="ID" />
            <generator class="assigned" />
        </id>
        <property name="name" type="java.lang.String">
            <column name="NAME" />
        </property>
        <property name="password" type="java.lang.String">
            <column name="PASSWORD" />
        </property>
        <property name="sex" type="java.lang.String">
            <column name="SEX" />
        </property>
        <property name="address" type="java.lang.String">
            <column name="ADDRESS" />
        </property>
        <property name="qq" type="java.lang.String">
            <column name="QQ" />
        </property>
        <property name="purse" type="java.lang.Integer">
            <column name="PURSE" />
        </property>
    </class>
</hibernate-mapping>
