<?xml version="1.0" encoding="UTF-8"?>
 <beans xmlns="http://www.springframework.org/schema/beans"
    xmlns:xsi="http://www.w3.org/2001/XMLSchema-instance" 
    xmlns:context="http://www.springframework.org/schema/context"
    xmlns:mvc="http://www.springframework.org/schema/mvc"
     xmlns:p="https://www.springframework.org/schema/p"  
    xmlns:aop="http://www.springframework.org/schema/aop"
    xmlns:tx="http://www.springframework.org/schema/tx"
    xsi:schemaLocation="http://www.springframework.org/schema/mvc 
    http://www.springframework.org/schema/mvc/spring-mvc.xsd 
    http://www.springframework.org/schema/beans 
    http://www.springframework.org/schema/beans/spring-beans.xsd
     http://www.springframework.org/schema/aop   
    http://www.springframework.org/schema/aop/spring-aop-3.0.xsd   
    http://www.springframework.org/schema/context 
    http://www.springframework.org/schema/context/spring-context-3.0.xsd
    http://www.springframework.org/schema/tx 
    http://www.springframework.org/schema/tx/spring-tx-3.0.xsd">
    <!-- *****************开启Spring MVC注解*************************** -->
    <mvc:annotation-driven />
    
    <!-- ***********************处理静态资源 ****************************-->
    <mvc:resources location="/Style/" mapping="/Style/**" />
    <mvc:resources location="/img/" mapping="/img/**" />
     
    <!-- ******************打开Spring的Annotation支持********************-->
    <context:annotation-config />
    <!-- ********************注解扫描包 -*********************************-->
    <context:component-scan base-package="control" />
 
   
    <!-- ************************开启事务注解 ****************************-->
    <tx:annotation-driven />
    <!--********************************** 权限拦截器************************************* -->
    <mvc:interceptors>
    <mvc:interceptor>
    <mvc:mapping path="/*"/>
    <bean id="InstallInter" class="filter.InstallInter"></bean>
    </mvc:interceptor>
    <mvc:interceptor>
    <mvc:mapping path="/*.m"/>
    <bean id="Admin" class="filter.Admin">
    </bean>
    </mvc:interceptor>
     <mvc:interceptor>
    <mvc:mapping path="/*.u"/>
    <bean id="UsersFilter" class="filter.UsersFilter">
    </bean>
    </mvc:interceptor>  
    </mvc:interceptors>
   <!--*********************************************************************************** --> 
    <!-- ********************************默认的视图解析器ViewResolver ************************-->
    <bean id="defaultViewResolver"
        class="org.springframework.web.servlet.view.InternalResourceViewResolver">
        <property name="prefix" value="/WEB-INF/jsps/" />
        <property name="suffix" value=".jsp" />
    </bean>
    <bean id="multipartResolver" class="org.springframework.web.multipart.commons.CommonsMultipartResolver">  
    <!-- ***********************************设置上传文件的最大尺寸为5MB ******************************-->  
    <property name="maxUploadSize">  
        <value>5242880</value>  
    </property>  
</bean> 
 <!-- ***********************************************end******************************************** -->
</beans> 