<?xml version="1.0" encoding="UTF-8"?>
<beans xmlns="http://www.springframework.org/schema/beans"
    xmlns:xsi="http://www.w3.org/2001/XMLSchema-instance"
    xmlns:aop="http://www.springframework.org/schema/aop"
    xmlns:context="http://www.springframework.org/schema/context"
    xmlns:tx="http://www.springframework.org/schema/tx"
    xsi:schemaLocation="http://www.springframework.org/schema/beans http://www.springframework.org/schema/beans/spring-beans.xsd
        http://www.springframework.org/schema/aop http://www.springframework.org/schema/aop/spring-aop-4.3.xsd
        http://www.springframework.org/schema/context http://www.springframework.org/schema/context/spring-context-4.3.xsd
        http://www.springframework.org/schema/tx http://www.springframework.org/schema/tx/spring-tx-4.3.xsd" 
        default-init-method="init" default-destroy-method="destroy">
<!-- ********************扫描注解包 -*********************************-->
    <context:component-scan base-package="services,dao"/>
<!-- ***********************开启注解*********************************-->        
      <context:annotation-config />
 <!--****************************扫描配置文件(jdbc.properties)C3P0连接池的配置**************************-->
    <context:property-placeholder location="classpath:/Resources/jdbc.properties" />
     <bean id="dataSource" class="com.mchange.v2.c3p0.ComboPooledDataSource" destroy-method="close">
        <property name="driverClass" value="${jdbc.driver}" />  <!--数据库连接驱动-->
        <property name="jdbcUrl" value="${jdbc.url}" />     <!--数据库地址-->
        <property name="user" value="${jdbc.user}" />   <!--用户名-->
        <property name="password" value="${jdbc.password}" />   <!--密码-->
        <property name="maxPoolSize" value="40" />      <!--最大连接数-->
        <property name="minPoolSize" value="1" />       <!--最小连接数-->
        <property name="initialPoolSize" value="10" />      <!--初始化连接池内的数据库连接-->
        <property name="maxIdleTime" value="20" />  <!--最大空闲时间-->
      </bean> 
      
<!--*********************************配置Hibernate session工厂**********************************************************-->
 <bean  name="sessionFactory" id="sessionFactory" class="org.springframework.orm.hibernate4.LocalSessionFactoryBean">
        <property name="dataSource" ref="dataSource" />
       <property name="hibernateProperties">
            <props>
                <prop key="hibernate.hbm2ddl.auto">update</prop> <!--hibernate根据实体自动生成数据库表-->
              <prop key="hibernate.dialect">${jdbc.dialect}</prop>  
                <prop key="hibernate.show_sql">true</prop>     
                <prop key="hibernate.format_sql">true</prop>    
            </props>
        </property>
        <property name="mappingDirectoryLocations">  <!-- 扫描hibernate映射文件 -->
        <list>
        <value>classpath:model</value>
        </list>
        </property>
   </bean>
     <!--***********************************事物管理器配置 ********************************************** -->
    <bean id="transactionManager" class="org.springframework.orm.hibernate4.HibernateTransactionManager">
        <property name="sessionFactory" ref="sessionFactory" />
    </bean>
  <!--******************************end******************************************************************-->
</beans>